Exp,Model Type,Total Accuracy,Total Precision,Total Recall,Total F1 Score
llava_1,Vision,0.67,0.61,1.0,0.7577639751552795
llava_2,Vision,0.75,0.75,0.77,0.7598684210526316
llava_1,Vision + Text,0.73,0.65,1.0,0.787878787878788
llava_2,Vision + Text,0.85,0.84,0.87,0.8547368421052631
Clip_336,Vision,0.49,0.5,0.83,0.62

